{"mae": 2.1360899069063133, "rmse": 2.6788009261618213, "r2": 0.9182871820511879}